{"cameraMode":{"drawMode":0,"name":"Shaded","section":"Shading Mode"},"sceneLighting":true,"audioPlay":false,"sceneViewState":{"showFog":true,"showMaterialUpdate":false,"showSkybox":true,"showFlares":true,"showImageEffects":true,"showParticleSystems":true},"in2DMode":false,"pivot":{"x":7.094324588775635,"y":4.531412601470947,"z":1.6904997825622559},"rotation":{"x":0.23646771907806397,"y":-0.3197227418422699,"z":0.08272971957921982,"w":0.9137922525405884},"size":6.025158405303955,"orthographic":false}